code,name
JMCAT0000,Electronics - Standard
JMCAT0001,Compact Tools
JMCAT0002,Furniture
JMCAT0003,Clothing - Compact
JMCAT0004,Premium Sports
JMCAT0005,Books
JMCAT0006,Toys - Vintage
JMCAT0007,Basic Food
JMCAT0008,Garden
JMCAT0009,Automotive - Premium
JMCAT0010,Modern Health
JMCAT0011,Beauty
JMCAT0012,Jewelry - Modern
JMCAT0013,Compact Music
JMCAT0014,Office
JMCAT0015,Pet - Standard
JMCAT0016,Premium Baby
JMCAT0017,Art
JMCAT0018,Industrial - Deluxe
JMCAT0019,Deluxe Medical
JMCAT0020,Electronics
JMCAT0021,Tools - Deluxe
JMCAT0022,Premium Furniture
JMCAT0023,Clothing
JMCAT0024,Sports - Deluxe
JMCAT0025,Classic Books
JMCAT0026,Toys
JMCAT0027,Food - Elite
JMCAT0028,Superior Garden
JMCAT0029,Automotive
JMCAT0030,Health - Classic
JMCAT0031,Superior Beauty
JMCAT0032,Jewelry
JMCAT0033,Music - Standard
JMCAT0034,Deluxe Office
JMCAT0035,Pet
JMCAT0036,Baby - Professional
JMCAT0037,Vintage Art
JMCAT0038,Industrial
JMCAT0039,Medical - Basic
JMCAT0040,Standard Electronics
JMCAT0041,Tools
JMCAT0042,Furniture - Advanced
JMCAT0043,Deluxe Clothing
JMCAT0044,Sports
JMCAT0045,Books - Professional
JMCAT0046,Advanced Toys
JMCAT0047,Food
JMCAT0048,Garden - Advanced
JMCAT0049,Basic Automotive
JMCAT0050,Health
JMCAT0051,Beauty - Deluxe
JMCAT0052,Basic Jewelry
JMCAT0053,Music
JMCAT0054,Office - Modern
JMCAT0055,Premium Pet
JMCAT0056,Baby
JMCAT0057,Art - Deluxe
JMCAT0058,Standard Industrial
JMCAT0059,Medical
JMCAT0060,Electronics - Elite
JMCAT0061,Premium Tools
JMCAT0062,Furniture
JMCAT0063,Clothing - Vintage
JMCAT0064,Vintage Sports
JMCAT0065,Books
JMCAT0066,Toys - Superior
JMCAT0067,Premium Food
JMCAT0068,Garden
JMCAT0069,Automotive - Standard
JMCAT0070,Deluxe Health
JMCAT0071,Beauty
JMCAT0072,Jewelry - Basic
JMCAT0073,Advanced Music
JMCAT0074,Office
JMCAT0075,Pet - Superior
JMCAT0076,Basic Baby
JMCAT0077,Art
JMCAT0078,Industrial - Standard
JMCAT0079,Elite Medical
JMCAT0080,Electronics
JMCAT0081,Tools - Advanced
JMCAT0082,Classic Furniture
JMCAT0083,Clothing
JMCAT0084,Sports - Superior
JMCAT0085,Premium Books
JMCAT0086,Toys
JMCAT0087,Food - Premium
JMCAT0088,Classic Garden
JMCAT0089,Automotive
JMCAT0090,Health - Classic
JMCAT0091,Classic Beauty
JMCAT0092,Jewelry
JMCAT0093,Music - Superior
JMCAT0094,Advanced Office
JMCAT0095,Pet
JMCAT0096,Baby - Elite
JMCAT0097,Advanced Art
JMCAT0098,Industrial
JMCAT0099,Medical - Premium
JMCAT0100,Professional Electronics
JMCAT0101,Tools
JMCAT0102,Furniture - Premium
JMCAT0103,Deluxe Clothing
JMCAT0104,Sports
JMCAT0105,Books - Basic
JMCAT0106,Professional Toys
JMCAT0107,Food
JMCAT0108,Garden - Superior
JMCAT0109,Modern Automotive
JMCAT0110,Health
JMCAT0111,Beauty - Professional
JMCAT0112,Premium Jewelry
JMCAT0113,Music
JMCAT0114,Office - Standard
JMCAT0115,Basic Pet
JMCAT0116,Baby
JMCAT0117,Art - Professional
JMCAT0118,Compact Industrial
JMCAT0119,Medical
JMCAT0120,Electronics - Basic
JMCAT0121,Vintage Tools
JMCAT0122,Furniture
JMCAT0123,Clothing - Professional
JMCAT0124,Premium Sports
JMCAT0125,Books
JMCAT0126,Toys - Elite
JMCAT0127,Standard Food
JMCAT0128,Garden
JMCAT0129,Automotive - Standard
JMCAT0130,Professional Health
JMCAT0131,Beauty
JMCAT0132,Jewelry - Deluxe
JMCAT0133,Classic Music
JMCAT0134,Office
JMCAT0135,Pet - Professional
JMCAT0136,Classic Baby
JMCAT0137,Art
JMCAT0138,Industrial - Premium
JMCAT0139,Modern Medical
JMCAT0140,Electronics
JMCAT0141,Tools - Superior
JMCAT0142,Elite Furniture
JMCAT0143,Clothing
JMCAT0144,Sports - Classic
JMCAT0145,Compact Books
JMCAT0146,Toys
JMCAT0147,Food - Basic
JMCAT0148,Deluxe Garden
JMCAT0149,Automotive
JMCAT0150,Health - Professional
JMCAT0151,Vintage Beauty
JMCAT0152,Jewelry
JMCAT0153,Music - Professional
JMCAT0154,Advanced Office
JMCAT0155,Pet
JMCAT0156,Baby - Modern
JMCAT0157,Compact Art
JMCAT0158,Industrial
JMCAT0159,Medical - Elite
JMCAT0160,Vintage Electronics
JMCAT0161,Tools
JMCAT0162,Furniture - Advanced
JMCAT0163,Professional Clothing
JMCAT0164,Sports
JMCAT0165,Books - Classic
JMCAT0166,Basic Toys
JMCAT0167,Food
JMCAT0168,Garden - Premium
JMCAT0169,Modern Automotive
JMCAT0170,Health
JMCAT0171,Beauty - Standard
JMCAT0172,Compact Jewelry
JMCAT0173,Music
JMCAT0174,Office - Modern
JMCAT0175,Superior Pet
JMCAT0176,Baby
JMCAT0177,Art - Deluxe
JMCAT0178,Classic Industrial
JMCAT0179,Medical
JMCAT0180,Electronics - Classic
JMCAT0181,Professional Tools
JMCAT0182,Furniture
JMCAT0183,Clothing - Professional
JMCAT0184,Premium Sports
JMCAT0185,Books
JMCAT0186,Toys - Classic
JMCAT0187,Compact Food
JMCAT0188,Garden
JMCAT0189,Automotive - Classic
JMCAT0190,Basic Health
JMCAT0191,Beauty
JMCAT0192,Jewelry - Deluxe
JMCAT0193,Professional Music
JMCAT0194,Office
JMCAT0195,Pet - Premium
JMCAT0196,Vintage Baby
JMCAT0197,Art
JMCAT0198,Industrial - Vintage
JMCAT0199,Elite Medical
JMCAT0200,Electronics
JMCAT0201,Tools - Professional
JMCAT0202,Advanced Furniture
JMCAT0203,Clothing
JMCAT0204,Sports - Compact
JMCAT0205,Standard Books
JMCAT0206,Toys
JMCAT0207,Food - Basic
JMCAT0208,Classic Garden
JMCAT0209,Automotive
JMCAT0210,Health - Advanced
JMCAT0211,Professional Beauty
JMCAT0212,Jewelry
JMCAT0213,Music - Advanced
JMCAT0214,Classic Office
JMCAT0215,Pet
JMCAT0216,Baby - Elite
JMCAT0217,Premium Art
JMCAT0218,Industrial
JMCAT0219,Medical - Superior
JMCAT0220,Compact Electronics
JMCAT0221,Tools
JMCAT0222,Furniture - Elite
JMCAT0223,Compact Clothing
JMCAT0224,Sports
JMCAT0225,Books - Superior
JMCAT0226,Modern Toys
JMCAT0227,Food
JMCAT0228,Garden - Advanced
JMCAT0229,Vintage Automotive
JMCAT0230,Health
JMCAT0231,Beauty - Deluxe
JMCAT0232,Classic Jewelry
JMCAT0233,Music
JMCAT0234,Office - Compact
JMCAT0235,Advanced Pet
JMCAT0236,Baby
JMCAT0237,Art - Premium
JMCAT0238,Basic Industrial
JMCAT0239,Medical
JMCAT0240,Electronics - Superior
JMCAT0241,Premium Tools
JMCAT0242,Furniture
JMCAT0243,Clothing - Compact
JMCAT0244,Professional Sports
JMCAT0245,Books
JMCAT0246,Toys - Advanced
JMCAT0247,Modern Food
JMCAT0248,Garden
JMCAT0249,Automotive - Modern
JMCAT0250,Classic Health
JMCAT0251,Beauty
JMCAT0252,Jewelry - Classic
JMCAT0253,Advanced Music
JMCAT0254,Office
JMCAT0255,Pet - Classic
JMCAT0256,Standard Baby
JMCAT0257,Art
JMCAT0258,Industrial - Compact
JMCAT0259,Standard Medical
JMCAT0260,Electronics
JMCAT0261,Tools - Advanced
JMCAT0262,Standard Furniture
JMCAT0263,Clothing
JMCAT0264,Sports - Compact
JMCAT0265,Deluxe Books
JMCAT0266,Toys
JMCAT0267,Food - Superior
JMCAT0268,Superior Garden
JMCAT0269,Automotive
JMCAT0270,Health - Compact
JMCAT0271,Elite Beauty
JMCAT0272,Jewelry
JMCAT0273,Music - Standard
JMCAT0274,Deluxe Office
JMCAT0275,Pet
JMCAT0276,Baby - Vintage
JMCAT0277,Compact Art
JMCAT0278,Industrial
JMCAT0279,Medical - Standard
JMCAT0280,Classic Electronics
JMCAT0281,Tools
JMCAT0282,Furniture - Professional
JMCAT0283,Premium Clothing
JMCAT0284,Sports
JMCAT0285,Books - Advanced
JMCAT0286,Advanced Toys
JMCAT0287,Food
JMCAT0288,Garden - Vintage
JMCAT0289,Classic Automotive
JMCAT0290,Health
JMCAT0291,Beauty - Deluxe
JMCAT0292,Basic Jewelry
JMCAT0293,Music
JMCAT0294,Office - Modern
JMCAT0295,Advanced Pet
JMCAT0296,Baby
JMCAT0297,Art - Advanced
JMCAT0298,Advanced Industrial
JMCAT0299,Medical
JMCAT0300,Electronics - Advanced
JMCAT0301,Compact Tools
JMCAT0302,Furniture
JMCAT0303,Clothing - Superior
JMCAT0304,Deluxe Sports
JMCAT0305,Books
JMCAT0306,Toys - Classic
JMCAT0307,Elite Food
JMCAT0308,Garden
JMCAT0309,Automotive - Modern
JMCAT0310,Superior Health
JMCAT0311,Beauty
JMCAT0312,Jewelry - Superior
JMCAT0313,Vintage Music
JMCAT0314,Office
JMCAT0315,Pet - Vintage
JMCAT0316,Superior Baby
JMCAT0317,Art
JMCAT0318,Industrial - Vintage
JMCAT0319,Elite Medical
JMCAT0320,Electronics
JMCAT0321,Tools - Basic
JMCAT0322,Classic Furniture
JMCAT0323,Clothing
JMCAT0324,Sports - Modern
JMCAT0325,Standard Books
JMCAT0326,Toys
JMCAT0327,Food - Standard
JMCAT0328,Professional Garden
JMCAT0329,Automotive
JMCAT0330,Health - Advanced
JMCAT0331,Compact Beauty
JMCAT0332,Jewelry
JMCAT0333,Music - Basic
JMCAT0334,Classic Office
JMCAT0335,Pet
JMCAT0336,Baby - Deluxe
JMCAT0337,Classic Art
JMCAT0338,Industrial
JMCAT0339,Medical - Deluxe
JMCAT0340,Professional Electronics
JMCAT0341,Tools
JMCAT0342,Furniture - Professional
JMCAT0343,Deluxe Clothing
JMCAT0344,Sports
JMCAT0345,Books - Deluxe
JMCAT0346,Premium Toys
JMCAT0347,Food
JMCAT0348,Garden - Basic
JMCAT0349,Superior Automotive
JMCAT0350,Health
JMCAT0351,Beauty - Vintage
JMCAT0352,Advanced Jewelry
JMCAT0353,Music
JMCAT0354,Office - Elite
JMCAT0355,Advanced Pet
JMCAT0356,Baby
JMCAT0357,Art - Advanced
JMCAT0358,Advanced Industrial
JMCAT0359,Medical
JMCAT0360,Electronics - Basic
JMCAT0361,Premium Tools
JMCAT0362,Furniture
JMCAT0363,Clothing - Deluxe
JMCAT0364,Superior Sports
JMCAT0365,Books
JMCAT0366,Toys - Classic
JMCAT0367,Standard Food
JMCAT0368,Garden
JMCAT0369,Automotive - Compact
JMCAT0370,Premium Health
JMCAT0371,Beauty
JMCAT0372,Jewelry - Classic
JMCAT0373,Vintage Music
JMCAT0374,Office
JMCAT0375,Pet - Compact
JMCAT0376,Deluxe Baby
JMCAT0377,Art
JMCAT0378,Industrial - Compact
JMCAT0379,Superior Medical
JMCAT0380,Electronics
JMCAT0381,Tools - Vintage
JMCAT0382,Deluxe Furniture
JMCAT0383,Clothing
JMCAT0384,Sports - Advanced
JMCAT0385,Elite Books
JMCAT0386,Toys
JMCAT0387,Food - Basic
JMCAT0388,Elite Garden
JMCAT0389,Automotive
JMCAT0390,Health - Standard
JMCAT0391,Superior Beauty
JMCAT0392,Jewelry
JMCAT0393,Music - Classic
JMCAT0394,Basic Office
JMCAT0395,Pet
JMCAT0396,Baby - Superior
JMCAT0397,Classic Art
JMCAT0398,Industrial
JMCAT0399,Medical - Modern
JMCAT0400,Modern Electronics
JMCAT0401,Tools
JMCAT0402,Furniture - Standard
JMCAT0403,Modern Clothing
JMCAT0404,Sports
JMCAT0405,Books - Advanced
JMCAT0406,Standard Toys
JMCAT0407,Food
JMCAT0408,Garden - Modern
JMCAT0409,Advanced Automotive
JMCAT0410,Health
JMCAT0411,Beauty - Modern
JMCAT0412,Deluxe Jewelry
JMCAT0413,Music
JMCAT0414,Office - Standard
JMCAT0415,Classic Pet
JMCAT0416,Baby
JMCAT0417,Art - Compact
JMCAT0418,Deluxe Industrial
JMCAT0419,Medical
JMCAT0420,Electronics - Classic
JMCAT0421,Professional Tools
JMCAT0422,Furniture
JMCAT0423,Clothing - Premium
JMCAT0424,Classic Sports
JMCAT0425,Books
JMCAT0426,Toys - Premium
JMCAT0427,Vintage Food
JMCAT0428,Garden
JMCAT0429,Automotive - Advanced
JMCAT0430,Elite Health
JMCAT0431,Beauty
JMCAT0432,Jewelry - Vintage
JMCAT0433,Superior Music
JMCAT0434,Office
JMCAT0435,Pet - Premium
JMCAT0436,Advanced Baby
JMCAT0437,Art
JMCAT0438,Industrial - Elite
JMCAT0439,Premium Medical
JMCAT0440,Electronics
JMCAT0441,Tools - Premium
JMCAT0442,Modern Furniture
JMCAT0443,Clothing
JMCAT0444,Sports - Premium
JMCAT0445,Compact Books
JMCAT0446,Toys
JMCAT0447,Food - Modern
JMCAT0448,Deluxe Garden
JMCAT0449,Automotive
JMCAT0450,Health - Professional
JMCAT0451,Classic Beauty
JMCAT0452,Jewelry
JMCAT0453,Music - Standard
JMCAT0454,Basic Office
JMCAT0455,Pet
JMCAT0456,Baby - Classic
JMCAT0457,Elite Art
JMCAT0458,Industrial
JMCAT0459,Medical - Standard
JMCAT0460,Vintage Electronics
JMCAT0461,Tools
JMCAT0462,Furniture - Deluxe
JMCAT0463,Advanced Clothing
JMCAT0464,Sports
JMCAT0465,Books - Advanced
JMCAT0466,Professional Toys
JMCAT0467,Food
JMCAT0468,Garden - Classic
JMCAT0469,Vintage Automotive
JMCAT0470,Health
JMCAT0471,Beauty - Advanced
JMCAT0472,Advanced Jewelry
JMCAT0473,Music
JMCAT0474,Office - Advanced
JMCAT0475,Compact Pet
JMCAT0476,Baby
JMCAT0477,Art - Premium
JMCAT0478,Professional Industrial
JMCAT0479,Medical
JMCAT0480,Electronics - Premium
JMCAT0481,Standard Tools
JMCAT0482,Furniture
JMCAT0483,Clothing - Compact
JMCAT0484,Superior Sports
JMCAT0485,Books
JMCAT0486,Toys - Compact
JMCAT0487,Superior Food
JMCAT0488,Garden
JMCAT0489,Automotive - Basic
JMCAT0490,Professional Health
JMCAT0491,Beauty
JMCAT0492,Jewelry - Modern
JMCAT0493,Deluxe Music
JMCAT0494,Office
JMCAT0495,Pet - Advanced
JMCAT0496,Elite Baby
JMCAT0497,Art
JMCAT0498,Industrial - Superior
JMCAT0499,Basic Medical
JMCAT0500,Electronics
JMCAT0501,Tools - Compact
JMCAT0502,Superior Furniture
JMCAT0503,Clothing
JMCAT0504,Sports - Deluxe
JMCAT0505,Superior Books
JMCAT0506,Toys
JMCAT0507,Food - Deluxe
JMCAT0508,Deluxe Garden
JMCAT0509,Automotive
JMCAT0510,Health - Basic
JMCAT0511,Compact Beauty
JMCAT0512,Jewelry
JMCAT0513,Music - Professional
JMCAT0514,Standard Office
JMCAT0515,Pet
JMCAT0516,Baby - Deluxe
JMCAT0517,Elite Art
JMCAT0518,Industrial
JMCAT0519,Medical - Modern
JMCAT0520,Deluxe Electronics
JMCAT0521,Tools
JMCAT0522,Furniture - Premium
JMCAT0523,Premium Clothing
JMCAT0524,Sports
JMCAT0525,Books - Elite
JMCAT0526,Vintage Toys
JMCAT0527,Food
JMCAT0528,Garden - Basic
JMCAT0529,Professional Automotive
JMCAT0530,Health
JMCAT0531,Beauty - Vintage
JMCAT0532,Compact Jewelry
JMCAT0533,Music
JMCAT0534,Office - Elite
JMCAT0535,Deluxe Pet
JMCAT0536,Baby
JMCAT0537,Art - Premium
JMCAT0538,Classic Industrial
JMCAT0539,Medical
JMCAT0540,Electronics - Classic
JMCAT0541,Elite Tools
JMCAT0542,Furniture
JMCAT0543,Clothing - Advanced
JMCAT0544,Premium Sports
JMCAT0545,Books
JMCAT0546,Toys - Professional
JMCAT0547,Standard Food
JMCAT0548,Garden
JMCAT0549,Automotive - Compact
JMCAT0550,Elite Health
JMCAT0551,Beauty
JMCAT0552,Jewelry - Modern
JMCAT0553,Modern Music
JMCAT0554,Office
JMCAT0555,Pet - Premium
JMCAT0556,Basic Baby
JMCAT0557,Art
JMCAT0558,Industrial - Classic
JMCAT0559,Compact Medical
JMCAT0560,Electronics
JMCAT0561,Tools - Basic
JMCAT0562,Vintage Furniture
JMCAT0563,Clothing
JMCAT0564,Sports - Classic
JMCAT0565,Deluxe Books
JMCAT0566,Toys
JMCAT0567,Food - Premium
JMCAT0568,Advanced Garden
JMCAT0569,Automotive
JMCAT0570,Health - Professional
JMCAT0571,Modern Beauty
JMCAT0572,Jewelry
JMCAT0573,Music - Vintage
JMCAT0574,Deluxe Office
JMCAT0575,Pet
JMCAT0576,Baby - Elite
JMCAT0577,Basic Art
JMCAT0578,Industrial
JMCAT0579,Medical - Superior
JMCAT0580,Premium Electronics
JMCAT0581,Tools
JMCAT0582,Furniture - Advanced
JMCAT0583,Basic Clothing
JMCAT0584,Sports
JMCAT0585,Books - Vintage
JMCAT0586,Elite Toys
JMCAT0587,Food
JMCAT0588,Garden - Premium
JMCAT0589,Premium Automotive
JMCAT0590,Health
JMCAT0591,Beauty - Compact
JMCAT0592,Standard Jewelry
JMCAT0593,Music
JMCAT0594,Office - Classic
JMCAT0595,Advanced Pet
JMCAT0596,Baby
JMCAT0597,Art - Modern
JMCAT0598,Premium Industrial
JMCAT0599,Medical
JMCAT0600,Electronics - Vintage
JMCAT0601,Classic Tools
JMCAT0602,Furniture
JMCAT0603,Clothing - Elite
JMCAT0604,Premium Sports
JMCAT0605,Books
JMCAT0606,Toys - Advanced
JMCAT0607,Vintage Food
JMCAT0608,Garden
JMCAT0609,Automotive - Premium
JMCAT0610,Basic Health
JMCAT0611,Beauty
JMCAT0612,Jewelry - Professional
JMCAT0613,Deluxe Music
JMCAT0614,Office
JMCAT0615,Pet - Premium
JMCAT0616,Elite Baby
JMCAT0617,Art
JMCAT0618,Industrial - Basic
JMCAT0619,Elite Medical
JMCAT0620,Electronics
JMCAT0621,Tools - Advanced
JMCAT0622,Basic Furniture
JMCAT0623,Clothing
JMCAT0624,Sports - Professional
JMCAT0625,Deluxe Books
JMCAT0626,Toys
JMCAT0627,Food - Deluxe
JMCAT0628,Superior Garden
JMCAT0629,Automotive
JMCAT0630,Health - Standard
JMCAT0631,Advanced Beauty
JMCAT0632,Jewelry
JMCAT0633,Music - Professional
JMCAT0634,Deluxe Office
JMCAT0635,Pet
JMCAT0636,Baby - Basic
JMCAT0637,Classic Art
JMCAT0638,Industrial
JMCAT0639,Medical - Basic
JMCAT0640,Vintage Electronics
JMCAT0641,Tools
JMCAT0642,Furniture - Elite
JMCAT0643,Classic Clothing
JMCAT0644,Sports
JMCAT0645,Books - Advanced
JMCAT0646,Classic Toys
JMCAT0647,Food
JMCAT0648,Garden - Advanced
JMCAT0649,Elite Automotive
JMCAT0650,Health
JMCAT0651,Beauty - Premium
JMCAT0652,Vintage Jewelry
JMCAT0653,Music
JMCAT0654,Office - Premium
JMCAT0655,Deluxe Pet
JMCAT0656,Baby
JMCAT0657,Art - Compact
JMCAT0658,Superior Industrial
JMCAT0659,Medical
JMCAT0660,Electronics - Deluxe
JMCAT0661,Advanced Tools
JMCAT0662,Furniture
JMCAT0663,Clothing - Advanced
JMCAT0664,Superior Sports
JMCAT0665,Books
JMCAT0666,Toys - Professional
JMCAT0667,Premium Food
JMCAT0668,Garden
JMCAT0669,Automotive - Premium
JMCAT0670,Modern Health
JMCAT0671,Beauty
JMCAT0672,Jewelry - Elite
JMCAT0673,Premium Music
JMCAT0674,Office
JMCAT0675,Pet - Deluxe
JMCAT0676,Professional Baby
JMCAT0677,Art
JMCAT0678,Industrial - Premium
JMCAT0679,Premium Medical
JMCAT0680,Electronics
JMCAT0681,Tools - Deluxe
JMCAT0682,Professional Furniture
JMCAT0683,Clothing
JMCAT0684,Sports - Basic
JMCAT0685,Advanced Books
JMCAT0686,Toys
JMCAT0687,Food - Classic
JMCAT0688,Advanced Garden
JMCAT0689,Automotive
JMCAT0690,Health - Superior
JMCAT0691,Premium Beauty
JMCAT0692,Jewelry
JMCAT0693,Music - Superior
JMCAT0694,Modern Office
JMCAT0695,Pet
JMCAT0696,Baby - Standard
JMCAT0697,Vintage Art
JMCAT0698,Industrial
JMCAT0699,Medical - Classic
JMCAT0700,Modern Electronics
JMCAT0701,Tools
JMCAT0702,Furniture - Basic
JMCAT0703,Elite Clothing
JMCAT0704,Sports
JMCAT0705,Books - Premium
JMCAT0706,Vintage Toys
JMCAT0707,Food
JMCAT0708,Garden - Modern
JMCAT0709,Premium Automotive
JMCAT0710,Health
JMCAT0711,Beauty - Professional
JMCAT0712,Deluxe Jewelry
JMCAT0713,Music
JMCAT0714,Office - Premium
JMCAT0715,Deluxe Pet
JMCAT0716,Baby
JMCAT0717,Art - Superior
JMCAT0718,Advanced Industrial
JMCAT0719,Medical
JMCAT0720,Electronics - Superior
JMCAT0721,Vintage Tools
JMCAT0722,Furniture
JMCAT0723,Clothing - Advanced
JMCAT0724,Modern Sports
JMCAT0725,Books
JMCAT0726,Toys - Vintage
JMCAT0727,Modern Food
JMCAT0728,Garden
JMCAT0729,Automotive - Vintage
JMCAT0730,Elite Health
JMCAT0731,Beauty
JMCAT0732,Jewelry - Basic
JMCAT0733,Deluxe Music
JMCAT0734,Office
JMCAT0735,Pet - Vintage
JMCAT0736,Professional Baby
JMCAT0737,Art
JMCAT0738,Industrial - Classic
JMCAT0739,Vintage Medical
JMCAT0740,Electronics
JMCAT0741,Tools - Professional
JMCAT0742,Compact Furniture
JMCAT0743,Clothing
JMCAT0744,Sports - Deluxe
JMCAT0745,Basic Books
JMCAT0746,Toys
JMCAT0747,Food - Elite
JMCAT0748,Standard Garden
JMCAT0749,Automotive
JMCAT0750,Health - Deluxe
JMCAT0751,Advanced Beauty
JMCAT0752,Jewelry
JMCAT0753,Music - Premium
JMCAT0754,Vintage Office
JMCAT0755,Pet
JMCAT0756,Baby - Advanced
JMCAT0757,Modern Art
JMCAT0758,Industrial
JMCAT0759,Medical - Standard
JMCAT0760,Premium Electronics
JMCAT0761,Tools
JMCAT0762,Furniture - Elite
JMCAT0763,Compact Clothing
JMCAT0764,Sports
JMCAT0765,Books - Modern
JMCAT0766,Professional Toys
JMCAT0767,Food
JMCAT0768,Garden - Superior
JMCAT0769,Modern Automotive
JMCAT0770,Health
JMCAT0771,Beauty - Deluxe
JMCAT0772,Premium Jewelry
JMCAT0773,Music
JMCAT0774,Office - Superior
JMCAT0775,Premium Pet
JMCAT0776,Baby
JMCAT0777,Art - Deluxe
JMCAT0778,Superior Industrial
JMCAT0779,Medical
JMCAT0780,Electronics - Superior
JMCAT0781,Advanced Tools
JMCAT0782,Furniture
JMCAT0783,Clothing - Superior
JMCAT0784,Superior Sports
JMCAT0785,Books
JMCAT0786,Toys - Premium
JMCAT0787,Modern Food
JMCAT0788,Garden
JMCAT0789,Automotive - Deluxe
JMCAT0790,Superior Health
JMCAT0791,Beauty
JMCAT0792,Jewelry - Basic
JMCAT0793,Superior Music
JMCAT0794,Office
JMCAT0795,Pet - Basic
JMCAT0796,Basic Baby
JMCAT0797,Art
JMCAT0798,Industrial - Premium
JMCAT0799,Vintage Medical
JMCAT0800,Electronics
JMCAT0801,Tools - Classic
JMCAT0802,Basic Furniture
JMCAT0803,Clothing
JMCAT0804,Sports - Vintage
JMCAT0805,Vintage Books
JMCAT0806,Toys
JMCAT0807,Food - Premium
JMCAT0808,Modern Garden
JMCAT0809,Automotive
JMCAT0810,Health - Premium
JMCAT0811,Standard Beauty
JMCAT0812,Jewelry
JMCAT0813,Music - Premium
JMCAT0814,Superior Office
JMCAT0815,Pet
JMCAT0816,Baby - Advanced
JMCAT0817,Elite Art
JMCAT0818,Industrial
JMCAT0819,Medical - Basic
JMCAT0820,Superior Electronics
JMCAT0821,Tools
JMCAT0822,Furniture - Elite
JMCAT0823,Modern Clothing
JMCAT0824,Sports
JMCAT0825,Books - Advanced
JMCAT0826,Basic Toys
JMCAT0827,Food
JMCAT0828,Garden - Advanced
JMCAT0829,Advanced Automotive
JMCAT0830,Health
JMCAT0831,Beauty - Elite
JMCAT0832,Deluxe Jewelry
JMCAT0833,Music
JMCAT0834,Office - Modern
JMCAT0835,Elite Pet
JMCAT0836,Baby
JMCAT0837,Art - Superior
JMCAT0838,Modern Industrial
JMCAT0839,Medical
JMCAT0840,Electronics - Classic
JMCAT0841,Modern Tools
JMCAT0842,Furniture
JMCAT0843,Clothing - Deluxe
JMCAT0844,Premium Sports
JMCAT0845,Books
JMCAT0846,Toys - Classic
JMCAT0847,Advanced Food
JMCAT0848,Garden
JMCAT0849,Automotive - Basic
JMCAT0850,Professional Health
JMCAT0851,Beauty
JMCAT0852,Jewelry - Classic
JMCAT0853,Advanced Music
JMCAT0854,Office
JMCAT0855,Pet - Professional
JMCAT0856,Advanced Baby
JMCAT0857,Art
JMCAT0858,Industrial - Modern
JMCAT0859,Compact Medical
JMCAT0860,Electronics
JMCAT0861,Tools - Modern
JMCAT0862,Compact Furniture
JMCAT0863,Clothing
JMCAT0864,Sports - Deluxe
JMCAT0865,Deluxe Books
JMCAT0866,Toys
JMCAT0867,Food - Compact
JMCAT0868,Professional Garden
JMCAT0869,Automotive
JMCAT0870,Health - Modern
JMCAT0871,Standard Beauty
JMCAT0872,Jewelry
JMCAT0873,Music - Advanced
JMCAT0874,Basic Office
JMCAT0875,Pet
JMCAT0876,Baby - Modern
JMCAT0877,Deluxe Art
JMCAT0878,Industrial
JMCAT0879,Medical - Professional
JMCAT0880,Elite Electronics
JMCAT0881,Tools
JMCAT0882,Furniture - Elite
JMCAT0883,Elite Clothing
JMCAT0884,Sports
JMCAT0885,Books - Superior
JMCAT0886,Professional Toys
JMCAT0887,Food
JMCAT0888,Garden - Superior
JMCAT0889,Superior Automotive
JMCAT0890,Health
JMCAT0891,Beauty - Deluxe
JMCAT0892,Standard Jewelry
JMCAT0893,Music
JMCAT0894,Office - Classic
JMCAT0895,Compact Pet
JMCAT0896,Baby
JMCAT0897,Art - Premium
JMCAT0898,Advanced Industrial
JMCAT0899,Medical
JMCAT0900,Electronics - Modern
JMCAT0901,Advanced Tools
JMCAT0902,Furniture
JMCAT0903,Clothing - Basic
JMCAT0904,Classic Sports
JMCAT0905,Books
JMCAT0906,Toys - Deluxe
JMCAT0907,Premium Food
JMCAT0908,Garden
JMCAT0909,Automotive - Premium
JMCAT0910,Classic Health
JMCAT0911,Beauty
JMCAT0912,Jewelry - Vintage
JMCAT0913,Classic Music
JMCAT0914,Office
JMCAT0915,Pet - Advanced
JMCAT0916,Elite Baby
JMCAT0917,Art
JMCAT0918,Industrial - Vintage
JMCAT0919,Elite Medical
JMCAT0920,Electronics
JMCAT0921,Tools - Advanced
JMCAT0922,Compact Furniture
JMCAT0923,Clothing
JMCAT0924,Sports - Advanced
JMCAT0925,Premium Books
JMCAT0926,Toys
JMCAT0927,Food - Deluxe
JMCAT0928,Premium Garden
JMCAT0929,Automotive
JMCAT0930,Health - Classic
JMCAT0931,Superior Beauty
JMCAT0932,Jewelry
JMCAT0933,Music - Classic
JMCAT0934,Compact Office
JMCAT0935,Pet
JMCAT0936,Baby - Advanced
JMCAT0937,Professional Art
JMCAT0938,Industrial
JMCAT0939,Medical - Elite
JMCAT0940,Deluxe Electronics
JMCAT0941,Tools
JMCAT0942,Furniture - Standard
JMCAT0943,Basic Clothing
JMCAT0944,Sports
JMCAT0945,Books - Standard
JMCAT0946,Modern Toys
JMCAT0947,Food
JMCAT0948,Garden - Vintage
JMCAT0949,Advanced Automotive
JMCAT0950,Health
JMCAT0951,Beauty - Superior
JMCAT0952,Premium Jewelry
JMCAT0953,Music
JMCAT0954,Office - Vintage
JMCAT0955,Advanced Pet
JMCAT0956,Baby
JMCAT0957,Art - Deluxe
JMCAT0958,Classic Industrial
JMCAT0959,Medical
JMCAT0960,Electronics - Deluxe
JMCAT0961,Deluxe Tools
JMCAT0962,Furniture
JMCAT0963,Clothing - Compact
JMCAT0964,Classic Sports
JMCAT0965,Books
JMCAT0966,Toys - Modern
JMCAT0967,Classic Food
JMCAT0968,Garden
JMCAT0969,Automotive - Classic
JMCAT0970,Superior Health
JMCAT0971,Beauty
JMCAT0972,Jewelry - Modern
JMCAT0973,Vintage Music
JMCAT0974,Office
JMCAT0975,Pet - Professional
JMCAT0976,Professional Baby
JMCAT0977,Art
JMCAT0978,Industrial - Superior
JMCAT0979,Modern Medical
JMCAT0980,Electronics
JMCAT0981,Tools - Superior
JMCAT0982,Classic Furniture
JMCAT0983,Clothing
JMCAT0984,Sports - Compact
JMCAT0985,Standard Books
JMCAT0986,Toys
JMCAT0987,Food - Vintage
JMCAT0988,Compact Garden
JMCAT0989,Automotive
JMCAT0990,Health - Standard
JMCAT0991,Vintage Beauty
JMCAT0992,Jewelry
JMCAT0993,Music - Professional
JMCAT0994,Superior Office
JMCAT0995,Pet
JMCAT0996,Baby - Deluxe
JMCAT0997,Vintage Art
JMCAT0998,Industrial
JMCAT0999,Medical - Deluxe
