sku,name,price,stock,categoryId
JMETER000000,Superior Bronze Package,358.75,804,1409
JMETER000001,Classic Steel Gadget,535.33,424,1058
JMETER000002,Composite Device,230.64,63,1350
JMETER000003,Alloy Widget,489.87,800,824
JMETER000004,Compact Unit,546.02,478,967
JMETER000005,Superior Device,356.71,772,433
JMETER000006,Alloy Widget,779.58,386,880
JMETER000007,Deluxe Aluminum Device,469.11,746,1030
JMETER000008,Superior Carbon Unit,490.61,649,1636
JMETER000009,Bronze Package,217.14,572,965
JMETER000010,Bronze Tool,911.34,491,1313
JMETER000011,Composite Package,674.21,827,356
JMETER000012,Vintage Package,758.81,111,86
JMETER000013,Ceramic Kit,591.76,648,1886
JMETER000014,Compact Carbon Bundle,78.89,366,1771
JMETER000015,Basic System,215.33,701,1666
JMETER000016,Gold Package,109.99,59,800
JMETER000017,Blue Unit,560.1,514,414
JMETER000018,Advanced Aluminum Kit,377.34,853,198
JMETER000019,Black Unit,333.81,577,517
JMETER000020,Basic Module,96.15,129,1413
JMETER000021,Alloy Component,15.76,508,1235
JMETER000022,Silver Bundle,689.36,549,547
JMETER000023,Vintage Gadget,281.7,446,48
JMETER000024,Copper System,988.15,504,678
JMETER000025,Superior Bundle,749.89,573,1071
JMETER000026,Black Gadget,614.31,138,1771
JMETER000027,Standard Carbon Kit,585.92,994,1907
JMETER000028,Purple Widget,85.66,52,1817
JMETER000029,Aluminum Kit,251.59,293,872
JMETER000030,Orange Tool,246.41,742,1657
JMETER000031,Alloy Widget,336.65,165,1497
JMETER000032,Copper Tool,896.83,560,1458
JMETER000033,Green Package,37.16,198,798
JMETER000034,Basic Widget,34.45,759,443
JMETER000035,Blue Gadget,190.18,846,1666
JMETER000036,Carbon Gadget,572.61,926,445
JMETER000037,Basic Steel Set,740.53,170,1208
JMETER000038,Aluminum Module,943.54,586,643
JMETER000039,Deluxe Package,194.49,460,1410
JMETER000040,Advanced Ceramic Bundle,347.59,438,1016
JMETER000041,Green Bundle,977.82,148,1621
JMETER000042,Silver Device,616.59,733,1230
JMETER000043,Black Bundle,751.62,695,1555
JMETER000044,Purple Set,706.17,529,350
JMETER000045,Vintage Aluminum Gadget,482.4,551,904
JMETER000046,Orange Unit,744.26,359,1988
JMETER000047,Superior Unit,182.65,246,538
JMETER000048,Modern Ceramic Gadget,75.97,573,866
JMETER000049,Orange System,651.5,101,13
JMETER000050,Steel Device,33.55,415,495
JMETER000051,Carbon Tool,947.21,89,937
JMETER000052,Elite Plastic Bundle,552.38,340,679
JMETER000053,Red Package,66.49,223,464
JMETER000054,Steel Widget,434.11,357,185
JMETER000055,Green Package,323.78,728,964
JMETER000056,Gold Unit,115.91,961,1560
JMETER000057,Standard Steel System,446.37,367,748
JMETER000058,Gray Device,27.06,224,249
JMETER000059,Orange Widget,16.61,347,1256
JMETER000060,Basic Aluminum Gadget,716.41,367,1715
JMETER000061,Red Gadget,621.93,328,1056
JMETER000062,Purple Device,203.01,3,200
JMETER000063,Titanium Tool,507.12,512,409
JMETER000064,Classic Copper Package,226.79,867,1075
JMETER000065,Elite Kit,90.73,241,1475
JMETER000066,Copper Widget,451.12,626,1419
JMETER000067,Orange Package,437.6,482,779
JMETER000068,Titanium Tool,706.79,48,1989
JMETER000069,Compact Package,322.51,851,453
JMETER000070,Classic Alloy System,641.88,760,346
JMETER000071,Standard Unit,890.24,498,210
JMETER000072,Standard Widget,984.18,418,109
JMETER000073,Classic Component,781.29,241,1751
JMETER000074,Bronze Tool,428.2,107,1708
JMETER000075,Copper Tool,383.38,268,164
JMETER000076,Advanced Copper Component,877.7,852,244
JMETER000077,Steel Unit,764.35,958,1607
JMETER000078,Professional Titanium Device,57.07,846,1566
JMETER000079,Premium System,310.38,475,14
JMETER000080,Black Gadget,352.94,507,1699
JMETER000081,Silver Widget,755.5,525,1225
JMETER000082,Carbon Unit,19.36,669,1319
JMETER000083,Gray Unit,970.7,231,265
JMETER000084,Standard Composite Tool,299.16,373,1360
JMETER000085,Advanced Carbon Bundle,202.07,981,924
JMETER000086,Black Package,875.1,559,1660
JMETER000087,Gold Unit,467.13,732,1310
JMETER000088,Silver Bundle,946.24,978,298
JMETER000089,Gold Bundle,396.66,189,1112
JMETER000090,Plastic Widget,93.21,996,864
JMETER000091,Deluxe Titanium Bundle,634.08,71,1596
JMETER000092,Gold Unit,841.48,348,533
JMETER000093,Purple Unit,688.83,997,1463
JMETER000094,Composite Bundle,475.73,544,1589
JMETER000095,Copper System,236.55,57,816
JMETER000096,Purple Set,572.23,554,1692
JMETER000097,Professional Set,855.0,914,1684
JMETER000098,Ceramic Set,58.3,104,1288
JMETER000099,Basic Ceramic Gadget,601.97,57,74
JMETER000100,Deluxe Tool,282.39,911,1845
JMETER000101,Vintage Package,935.02,856,998
JMETER000102,Classic Plastic Device,418.09,381,1963
JMETER000103,Purple Tool,596.44,828,432
JMETER000104,Aluminum Gadget,95.87,934,852
JMETER000105,Bronze Component,59.6,397,588
JMETER000106,Modern Titanium Module,566.78,852,1833
JMETER000107,Standard Composite Gadget,381.37,419,1061
JMETER000108,Compact Component,738.47,869,39
JMETER000109,Steel Bundle,195.12,525,1884
JMETER000110,Silver Widget,164.24,971,1718
JMETER000111,Plastic Module,168.91,103,849
JMETER000112,Deluxe Component,137.14,841,1582
JMETER000113,Plastic Kit,290.49,485,1602
JMETER000114,Bronze Widget,208.03,477,442
JMETER000115,Composite Widget,423.2,77,258
JMETER000116,Vintage Composite System,17.39,442,719
JMETER000117,Black Kit,117.37,749,73
JMETER000118,Gray Package,947.08,931,448
JMETER000119,Modern Set,893.46,145,1724
JMETER000120,Silver Kit,687.12,529,114
JMETER000121,Titanium Module,839.66,241,783
JMETER000122,Advanced Component,45.13,731,883
JMETER000123,Professional Titanium System,787.24,572,1552
JMETER000124,Professional Gadget,255.9,185,1972
JMETER000125,Standard Ceramic Tool,60.01,71,783
JMETER000126,Professional Steel Device,678.56,576,549
JMETER000127,Green Tool,253.61,659,1690
JMETER000128,Carbon Module,111.95,254,1420
JMETER000129,Ceramic Package,677.03,609,172
JMETER000130,Professional Carbon Device,51.35,489,687
JMETER000131,Superior Steel Set,187.4,178,1272
JMETER000132,Deluxe Tool,949.78,573,924
JMETER000133,Advanced Device,652.75,190,993
JMETER000134,Deluxe Gadget,935.3,795,1929
JMETER000135,Copper Package,331.47,951,1700
JMETER000136,Red Set,474.19,499,1134
JMETER000137,Blue Set,784.44,152,1705
JMETER000138,Red Kit,805.11,433,685
JMETER000139,Professional Package,160.64,52,1616
JMETER000140,Vintage Widget,142.74,266,803
JMETER000141,Orange Widget,259.89,313,1321
JMETER000142,Blue Component,918.55,386,590
JMETER000143,Bronze Package,55.91,771,192
JMETER000144,Basic Component,229.4,756,1391
JMETER000145,Steel Package,585.45,704,812
JMETER000146,Classic Composite Component,141.57,997,1336
JMETER000147,Orange Bundle,48.29,777,891
JMETER000148,Professional Bundle,301.53,228,799
JMETER000149,Bronze Unit,344.59,369,588
JMETER000150,Basic Aluminum Component,274.91,361,81
JMETER000151,White Unit,145.3,358,1586
JMETER000152,Modern Set,758.86,653,1478
JMETER000153,Superior Device,131.94,269,970
JMETER000154,Plastic Bundle,582.78,706,642
JMETER000155,Black Gadget,568.95,699,192
JMETER000156,Classic Gadget,113.58,407,1975
JMETER000157,Standard Bundle,224.95,388,584
JMETER000158,Orange Unit,371.26,936,643
JMETER000159,Basic Tool,652.16,307,823
JMETER000160,Black Kit,450.05,386,121
JMETER000161,Alloy Component,512.11,438,393
JMETER000162,Green Bundle,311.67,862,1858
JMETER000163,Classic Tool,590.81,612,454
JMETER000164,Titanium Unit,199.09,80,1642
JMETER000165,Green Bundle,134.51,998,1787
JMETER000166,Compact Tool,756.78,321,1726
JMETER000167,Basic Alloy Component,800.74,360,1098
JMETER000168,Blue Gadget,572.54,828,74
JMETER000169,Titanium Set,726.69,711,1712
JMETER000170,Deluxe Alloy Bundle,908.04,571,737
JMETER000171,Modern Titanium Gadget,52.13,352,945
JMETER000172,Superior Ceramic Package,777.08,136,1004
JMETER000173,Vintage Copper Bundle,788.44,523,1712
JMETER000174,Ceramic Kit,134.61,16,1249
JMETER000175,Bronze System,831.87,180,1537
JMETER000176,Blue Gadget,597.55,588,1054
JMETER000177,Steel Device,657.58,696,405
JMETER000178,Deluxe Gadget,874.45,126,1508
JMETER000179,Carbon Kit,655.39,434,188
JMETER000180,Superior Carbon Package,81.08,423,1726
JMETER000181,Vintage Package,930.59,895,411
JMETER000182,Compact Widget,150.32,532,1641
JMETER000183,Titanium Package,39.0,724,199
JMETER000184,Red Module,181.66,434,1158
JMETER000185,Superior Composite Set,788.58,794,183
JMETER000186,Plastic Package,676.89,421,1778
JMETER000187,Titanium Widget,581.13,670,1351
JMETER000188,Red Package,735.11,438,1768
JMETER000189,Superior Widget,40.35,573,1412
JMETER000190,Steel System,777.5,290,212
JMETER000191,Vintage Module,978.04,859,959
JMETER000192,Red Component,363.41,82,1671
JMETER000193,Red Unit,926.5,560,649
JMETER000194,Black Set,568.77,193,456
JMETER000195,Standard Module,442.47,561,487
JMETER000196,Orange Module,227.75,371,1638
JMETER000197,Silver Component,699.61,799,1301
JMETER000198,Deluxe Set,975.43,456,1136
JMETER000199,Advanced Component,105.32,433,542
JMETER000200,Purple Component,438.0,762,1247
JMETER000201,Titanium Device,894.93,889,1580
JMETER000202,Titanium Kit,268.83,570,1096
JMETER000203,Orange Component,385.29,92,200
JMETER000204,Elite Bronze Bundle,941.3,284,926
JMETER000205,Copper Kit,739.83,638,1526
JMETER000206,Compact Carbon Unit,631.2,801,1498
JMETER000207,Advanced Bronze Unit,545.32,625,1976
JMETER000208,Green Kit,709.88,476,902
JMETER000209,Modern Steel System,103.49,510,1996
JMETER000210,Green Gadget,645.07,575,473
JMETER000211,Gray Module,634.97,990,636
JMETER000212,Standard Set,19.07,538,1982
JMETER000213,Basic Alloy Tool,714.09,944,983
JMETER000214,Composite Tool,21.6,268,337
JMETER000215,Black Module,505.19,903,662
JMETER000216,Aluminum Bundle,547.65,332,1605
JMETER000217,Compact Carbon Kit,586.27,700,1715
JMETER000218,Silver Gadget,491.05,942,13
JMETER000219,Premium Component,565.56,464,221
JMETER000220,Steel Module,62.79,565,938
JMETER000221,Gold Tool,454.22,592,395
JMETER000222,Blue Package,49.62,133,1139
JMETER000223,Steel Bundle,51.85,562,210
JMETER000224,Modern Gadget,622.74,155,1016
JMETER000225,Copper Tool,671.51,860,1881
JMETER000226,Black Tool,664.19,455,1308
JMETER000227,Vintage Titanium Module,350.53,700,96
JMETER000228,Gray Device,259.76,767,871
JMETER000229,Red Kit,430.23,394,784
JMETER000230,Alloy Set,77.98,475,1232
JMETER000231,Aluminum Set,410.6,939,1074
JMETER000232,Premium Composite Unit,75.81,803,1186
JMETER000233,Alloy Widget,321.41,507,1469
JMETER000234,Professional Carbon Widget,827.74,154,1252
JMETER000235,Silver Tool,425.61,378,429
JMETER000236,Superior Set,414.23,512,531
JMETER000237,Vintage Bundle,524.05,493,1760
JMETER000238,Compact Ceramic Device,844.54,563,1725
JMETER000239,Gold Bundle,141.71,863,1364
JMETER000240,Advanced Device,713.17,854,1289
JMETER000241,Silver Widget,713.23,278,1354
JMETER000242,Elite Unit,525.6,933,880
JMETER000243,Copper Bundle,25.43,530,1260
JMETER000244,Basic Unit,513.87,350,524
JMETER000245,Deluxe Widget,877.19,645,413
JMETER000246,Deluxe Component,911.88,831,1311
JMETER000247,Black Tool,409.6,81,174
JMETER000248,Bronze Module,267.94,979,106
JMETER000249,White Widget,123.18,905,1881
JMETER000250,Deluxe Widget,462.16,615,689
JMETER000251,Titanium Component,211.62,723,1174
JMETER000252,Superior Carbon Package,433.96,653,1068
JMETER000253,White Package,783.39,29,1414
JMETER000254,Steel System,367.1,912,574
JMETER000255,Classic Device,405.1,43,78
JMETER000256,Classic Steel Component,253.41,830,521
JMETER000257,Compact Carbon Widget,124.7,140,601
JMETER000258,Compact Bundle,786.58,851,908
JMETER000259,Classic Gadget,279.94,581,1893
JMETER000260,Premium Bundle,848.33,698,1181
JMETER000261,Ceramic Tool,809.35,850,1658
JMETER000262,Basic Titanium Set,497.13,504,150
JMETER000263,Premium Aluminum System,596.12,928,1098
JMETER000264,Premium Ceramic Tool,849.61,784,1152
JMETER000265,Compact Gadget,844.03,619,1568
JMETER000266,Superior Titanium Set,348.37,559,936
JMETER000267,Aluminum Tool,869.72,877,61
JMETER000268,Modern Bundle,561.61,116,1383
JMETER000269,Premium Module,723.77,924,278
JMETER000270,Aluminum Package,178.88,633,1086
JMETER000271,Basic Module,183.29,306,214
JMETER000272,Alloy Kit,724.75,71,248
JMETER000273,Composite Kit,470.74,493,740
JMETER000274,Classic Composite Tool,61.23,921,533
JMETER000275,Deluxe Steel Component,373.17,139,1286
JMETER000276,Carbon Module,938.05,261,1372
JMETER000277,Premium Component,924.23,224,49
JMETER000278,Basic Composite Gadget,684.82,527,1006
JMETER000279,Gold Widget,583.4,886,77
JMETER000280,Ceramic System,854.65,514,400
JMETER000281,Black Component,748.65,32,1877
JMETER000282,Professional Widget,664.15,168,1994
JMETER000283,White Widget,820.99,469,557
JMETER000284,Compact Titanium Gadget,563.7,257,758
JMETER000285,Standard Module,290.14,314,93
JMETER000286,Purple Bundle,709.6,70,1682
JMETER000287,Standard Module,809.18,58,602
JMETER000288,Copper Component,288.39,53,411
JMETER000289,Deluxe Steel Package,154.52,919,274
JMETER000290,Professional Package,400.35,377,1197
JMETER000291,Gray Widget,37.36,251,513
JMETER000292,Composite Gadget,849.36,137,748
JMETER000293,Gray Unit,372.99,150,1510
JMETER000294,Steel Unit,888.52,192,1657
JMETER000295,Classic Bronze Device,624.01,251,1169
JMETER000296,Elite Plastic Package,163.79,302,1734
JMETER000297,Orange Gadget,223.9,63,1604
JMETER000298,Elite Steel System,850.87,502,1980
JMETER000299,Professional Steel Package,548.58,977,1016
JMETER000300,Alloy System,192.02,955,1976
JMETER000301,Advanced Bundle,628.14,956,1990
JMETER000302,Advanced Module,707.91,402,494
JMETER000303,Classic Carbon Gadget,151.78,912,501
JMETER000304,Titanium Widget,952.29,407,307
JMETER000305,Classic Device,303.73,729,246
JMETER000306,Vintage Unit,885.33,560,11
JMETER000307,Modern Widget,894.46,71,254
JMETER000308,Gray System,177.52,862,489
JMETER000309,Basic Steel Kit,869.86,329,1587
JMETER000310,Purple Tool,396.94,493,748
JMETER000311,Red Kit,785.98,16,1198
JMETER000312,Gray Set,518.23,904,1570
JMETER000313,Superior Aluminum Package,635.42,434,76
JMETER000314,Orange Package,616.09,822,177
JMETER000315,Advanced Module,876.73,262,1528
JMETER000316,Classic Carbon Set,788.2,236,1178
JMETER000317,Alloy Device,514.67,453,435
JMETER000318,Gray Unit,104.86,207,1360
JMETER000319,Steel Component,168.51,292,573
JMETER000320,Elite Plastic Device,265.48,892,1531
JMETER000321,Compact Module,320.31,45,264
JMETER000322,Advanced Steel Kit,895.93,117,1988
JMETER000323,Advanced System,894.3,422,1542
JMETER000324,Vintage Alloy Gadget,524.73,549,1435
JMETER000325,Silver Package,184.74,774,992
JMETER000326,Vintage Tool,968.62,321,949
JMETER000327,Basic Widget,151.24,406,526
JMETER000328,Carbon Device,831.18,510,1708
JMETER000329,Basic Bronze Module,906.3,116,538
JMETER000330,Plastic Widget,588.05,666,81
JMETER000331,Red Module,295.19,640,854
JMETER000332,Classic Module,180.88,383,392
JMETER000333,Compact Titanium Gadget,106.67,935,802
JMETER000334,Superior Unit,909.61,743,1425
JMETER000335,Standard Copper Gadget,509.85,369,1381
JMETER000336,Alloy Module,539.17,658,1840
JMETER000337,Gold Device,948.26,939,175
JMETER000338,Basic Titanium Package,259.82,839,1130
JMETER000339,Ceramic Set,771.04,229,1087
JMETER000340,Blue Tool,571.32,575,858
JMETER000341,Blue Widget,206.29,35,940
JMETER000342,Silver Device,522.58,967,45
JMETER000343,Carbon System,452.63,105,434
JMETER000344,Steel Tool,756.13,241,1789
JMETER000345,Superior Titanium Device,496.85,841,1186
JMETER000346,Premium Plastic Device,311.9,950,1046
JMETER000347,Standard Aluminum Device,890.5,860,964
JMETER000348,Classic Set,540.49,136,1197
JMETER000349,Compact Steel Device,312.95,117,871
JMETER000350,Superior Bronze Tool,811.15,265,1916
JMETER000351,Standard Package,758.7,476,1864
JMETER000352,Superior Aluminum Package,283.4,562,1991
JMETER000353,Aluminum Tool,941.32,587,102
JMETER000354,Copper Component,102.51,174,1235
JMETER000355,Bronze System,428.39,766,627
JMETER000356,Titanium Bundle,183.72,305,1594
JMETER000357,Plastic Kit,488.85,140,1962
JMETER000358,Vintage Widget,679.71,557,1999
JMETER000359,Composite Gadget,707.63,181,429
JMETER000360,Superior Widget,91.87,262,637
JMETER000361,Professional System,330.45,243,352
JMETER000362,Purple Unit,484.36,346,1351
JMETER000363,Gray Unit,39.49,657,1078
JMETER000364,Gold Device,831.96,629,108
JMETER000365,Premium Package,840.67,875,705
JMETER000366,Ceramic Bundle,951.21,270,615
JMETER000367,Steel Tool,885.16,133,1663
JMETER000368,Composite Package,124.6,376,1084
JMETER000369,Standard Bronze Component,280.65,541,572
JMETER000370,Copper Unit,731.18,36,392
JMETER000371,Plastic Unit,212.94,693,272
JMETER000372,Steel Package,136.17,519,1236
JMETER000373,Steel Package,341.97,364,1340
JMETER000374,Blue Tool,611.1,845,1240
JMETER000375,Orange Set,193.78,497,1803
JMETER000376,Composite Kit,232.73,757,1762
JMETER000377,Deluxe Widget,339.51,229,915
JMETER000378,Ceramic Gadget,130.49,52,389
JMETER000379,Red Package,792.39,849,177
JMETER000380,Purple Module,191.65,367,1391
JMETER000381,Silver Tool,405.28,918,1803
JMETER000382,Premium Tool,152.04,709,1877
JMETER000383,Steel Unit,70.64,943,1439
JMETER000384,Deluxe Widget,889.98,274,728
JMETER000385,Alloy Unit,208.25,729,491
JMETER000386,Professional Ceramic Device,662.01,985,1235
JMETER000387,Deluxe Gadget,54.63,961,1672
JMETER000388,Silver Widget,797.47,615,542
JMETER000389,Premium Widget,701.42,633,1907
JMETER000390,Premium Gadget,641.15,329,1259
JMETER000391,Gray Module,881.31,187,187
JMETER000392,Plastic Kit,719.11,204,914
JMETER000393,Basic Plastic Kit,362.26,367,1775
JMETER000394,Deluxe Component,778.73,53,183
JMETER000395,Ceramic Device,131.02,735,1806
JMETER000396,White Unit,422.7,557,909
JMETER000397,Deluxe Copper Set,209.5,476,1241
JMETER000398,Vintage Device,820.51,510,397
JMETER000399,Professional Titanium Bundle,702.94,715,337
JMETER000400,Blue Tool,723.67,318,1054
JMETER000401,Compact Bundle,676.5,885,1799
JMETER000402,Gray Component,137.63,302,328
JMETER000403,Basic Composite Bundle,75.24,794,1410
JMETER000404,Premium Kit,561.71,253,281
JMETER000405,Professional Ceramic Package,422.37,997,1684
JMETER000406,Advanced Device,361.74,534,1544
JMETER000407,Blue Module,191.86,852,530
JMETER000408,Modern Package,843.16,881,989
JMETER000409,Deluxe Widget,604.79,933,175
JMETER000410,Elite Copper Widget,436.31,454,751
JMETER000411,Vintage Copper Kit,514.68,519,145
JMETER000412,Carbon Module,731.03,346,286
JMETER000413,Green Set,508.72,774,1428
JMETER000414,Blue Module,638.12,333,568
JMETER000415,Deluxe Aluminum Device,895.09,1000,1856
JMETER000416,Blue Tool,376.76,675,1820
JMETER000417,Standard Alloy Component,893.09,261,1218
JMETER000418,Ceramic System,821.85,508,1989
JMETER000419,Premium Copper Set,16.98,837,632
JMETER000420,Orange Bundle,376.51,632,743
JMETER000421,White Kit,153.0,158,1929
JMETER000422,Professional Component,653.23,913,1405
JMETER000423,Vintage Carbon Kit,327.35,563,401
JMETER000424,Classic Widget,477.85,137,1377
JMETER000425,Silver Widget,553.99,92,1903
JMETER000426,Green Gadget,869.95,517,911
JMETER000427,Modern Module,857.71,69,1910
JMETER000428,Silver Bundle,760.47,312,120
JMETER000429,Superior Composite Gadget,455.95,866,1018
JMETER000430,Bronze System,638.82,885,686
JMETER000431,Vintage Composite Package,470.44,727,517
JMETER000432,Green System,523.39,673,8
JMETER000433,Premium Bundle,209.44,866,467
JMETER000434,Elite Titanium System,262.93,663,1078
JMETER000435,Basic Composite Gadget,74.01,922,257
JMETER000436,Gold Package,158.97,498,379
JMETER000437,Superior Package,471.31,583,342
JMETER000438,Elite Widget,585.07,655,1687
JMETER000439,Modern Composite Module,869.15,654,454
JMETER000440,Classic Carbon Unit,482.1,811,889
JMETER000441,Classic Kit,214.09,427,1772
JMETER000442,Premium Set,892.63,250,657
JMETER000443,Vintage Gadget,891.52,842,961
JMETER000444,Orange Set,710.37,162,495
JMETER000445,Aluminum Gadget,816.11,506,888
JMETER000446,White Widget,413.08,510,1992
JMETER000447,Black Device,454.56,425,1288
JMETER000448,Standard Composite Gadget,282.45,39,626
JMETER000449,Aluminum Kit,681.91,439,1556
JMETER000450,Silver Set,810.49,655,819
JMETER000451,Elite Bronze Bundle,607.4,208,1673
JMETER000452,Plastic Device,730.58,408,1232
JMETER000453,Basic Gadget,439.28,24,1473
JMETER000454,Classic Plastic Device,965.6,763,1612
JMETER000455,Orange Tool,973.97,684,179
JMETER000456,Bronze Bundle,273.65,355,1927
JMETER000457,Titanium Tool,782.17,894,33
JMETER000458,Carbon Kit,588.41,155,1277
JMETER000459,Elite Alloy System,754.1,530,257
JMETER000460,Standard Gadget,645.72,93,1808
JMETER000461,Blue Device,471.86,642,1555
JMETER000462,Silver Widget,82.88,523,1733
JMETER000463,Copper Module,753.99,55,741
JMETER000464,Carbon Gadget,189.66,274,1353
JMETER000465,Orange Tool,881.78,106,720
JMETER000466,Steel System,858.21,737,1756
JMETER000467,Blue Module,933.04,983,375
JMETER000468,Elite Package,550.17,32,1236
JMETER000469,Vintage Module,301.71,947,792
JMETER000470,Orange Package,738.7,920,1227
JMETER000471,Superior Bronze Widget,123.23,471,1356
JMETER000472,Advanced Aluminum Gadget,498.95,212,1751
JMETER000473,Gray Gadget,673.25,681,547
JMETER000474,Elite Alloy Gadget,452.97,422,1503
JMETER000475,Orange System,721.2,435,1081
JMETER000476,Advanced Widget,56.71,704,853
JMETER000477,Silver Widget,381.55,570,458
JMETER000478,Gray Widget,673.48,381,116
JMETER000479,Basic Carbon Unit,508.0,41,905
JMETER000480,Compact Aluminum Unit,935.33,165,724
JMETER000481,Superior Aluminum Gadget,531.99,289,1260
JMETER000482,Advanced Widget,429.23,991,504
JMETER000483,White Unit,768.61,206,1052
JMETER000484,Premium Titanium System,346.36,539,319
JMETER000485,Silver Widget,543.6,394,188
JMETER000486,Red Gadget,635.59,426,749
JMETER000487,Silver Gadget,952.91,195,359
JMETER000488,Ceramic Device,12.3,820,806
JMETER000489,Bronze Set,298.64,944,101
JMETER000490,Elite System,276.51,470,356
JMETER000491,Classic Set,479.15,135,1858
JMETER000492,Deluxe Carbon System,240.63,211,336
JMETER000493,Purple Set,677.57,103,351
JMETER000494,Titanium Widget,89.28,11,633
JMETER000495,Vintage Bundle,432.73,431,554
JMETER000496,Basic Alloy System,657.94,301,988
JMETER000497,Professional Plastic Device,956.08,1,1457
JMETER000498,Composite Component,151.74,696,1566
JMETER000499,Classic Unit,453.33,928,1109
JMETER000500,Standard System,367.53,742,1194
JMETER000501,Alloy Device,925.8,74,130
JMETER000502,Bronze Set,544.92,95,1791
JMETER000503,Standard Kit,316.73,831,1430
JMETER000504,Aluminum System,215.81,403,1300
JMETER000505,Silver Package,560.72,162,258
JMETER000506,Carbon Gadget,542.84,591,194
JMETER000507,Premium Steel Device,836.41,98,602
JMETER000508,Vintage Steel Widget,705.96,141,758
JMETER000509,Premium Unit,383.44,823,40
JMETER000510,Superior Gadget,892.76,208,187
JMETER000511,Standard System,665.06,637,455
JMETER000512,Alloy Device,59.08,491,263
JMETER000513,Silver Kit,447.27,377,1057
JMETER000514,Classic Titanium Widget,98.21,453,1287
JMETER000515,Steel Set,592.75,949,1322
JMETER000516,Plastic Bundle,32.44,234,564
JMETER000517,Deluxe System,614.19,637,177
JMETER000518,Advanced Alloy Unit,694.99,139,1647
JMETER000519,Compact Carbon Module,822.5,81,840
JMETER000520,Ceramic Device,570.86,76,386
JMETER000521,Vintage Unit,247.37,582,1731
JMETER000522,Deluxe Component,209.34,82,1576
JMETER000523,Advanced Steel System,751.92,231,995
JMETER000524,Green Gadget,278.53,707,1941
JMETER000525,Premium Plastic Tool,306.88,18,842
JMETER000526,Advanced Package,286.07,884,572
JMETER000527,Red Gadget,234.33,736,1866
JMETER000528,Premium Alloy Package,491.09,860,1712
JMETER000529,Premium Carbon Device,585.03,112,1498
JMETER000530,Premium Module,558.78,944,1093
JMETER000531,Purple Package,614.53,496,1331
JMETER000532,Professional System,830.88,294,1138
JMETER000533,Black Bundle,623.75,679,1077
JMETER000534,Standard Copper Widget,351.99,54,1710
JMETER000535,Standard Package,907.35,695,1079
JMETER000536,Aluminum Bundle,365.01,701,855
JMETER000537,Premium Steel Module,20.01,977,1395
JMETER000538,Elite System,133.05,181,31
JMETER000539,Bronze Tool,84.24,808,963
JMETER000540,Standard Composite Package,303.69,341,153
JMETER000541,Compact Package,682.66,348,233
JMETER000542,Professional System,100.03,133,66
JMETER000543,Modern Aluminum Component,625.21,341,1550
JMETER000544,Black Bundle,66.82,841,1920
JMETER000545,Elite Aluminum Gadget,422.2,19,1917
JMETER000546,Standard Module,195.94,522,1502
JMETER000547,Carbon Module,95.62,997,1371
JMETER000548,Gold Gadget,423.53,358,1948
JMETER000549,Plastic Package,454.79,775,847
JMETER000550,Copper Widget,739.1,833,306
JMETER000551,Elite Plastic Component,510.08,955,616
JMETER000552,Copper Gadget,592.94,301,566
JMETER000553,Purple System,294.24,118,1312
JMETER000554,Steel Widget,460.47,212,1145
JMETER000555,Blue Module,248.61,358,1504
JMETER000556,Bronze Unit,48.57,623,746
JMETER000557,Gray Package,372.88,356,3
JMETER000558,Basic Aluminum Tool,155.66,901,780
JMETER000559,Carbon Widget,449.06,840,763
JMETER000560,Deluxe Widget,420.34,953,1297
JMETER000561,Standard Module,265.55,557,1918
JMETER000562,Orange Tool,954.46,888,494
JMETER000563,Professional Alloy Unit,863.38,716,1605
JMETER000564,Red Unit,205.01,650,1932
JMETER000565,Premium Ceramic Component,713.89,458,1646
JMETER000566,Blue Set,909.98,64,113
JMETER000567,Deluxe Kit,511.43,725,1339
JMETER000568,Deluxe Composite System,772.33,68,22
JMETER000569,Red Unit,949.21,535,41
JMETER000570,Superior Steel Unit,255.77,832,90
JMETER000571,Aluminum System,655.86,570,111
JMETER000572,Basic Module,506.41,407,64
JMETER000573,Classic Component,777.79,337,1709
JMETER000574,Premium System,414.92,525,160
JMETER000575,Deluxe Copper System,307.12,345,282
JMETER000576,Red Bundle,704.06,190,413
JMETER000577,Copper Unit,315.76,224,500
JMETER000578,Standard System,521.77,602,1985
JMETER000579,Basic Unit,216.37,642,1241
JMETER000580,Orange Unit,377.95,205,248
JMETER000581,Basic Carbon Package,146.89,829,1374
JMETER000582,Green Set,489.21,97,1684
JMETER000583,Red System,81.15,76,312
JMETER000584,Elite Widget,129.05,655,1508
JMETER000585,Basic System,858.48,596,876
JMETER000586,Black Device,874.34,156,173
JMETER000587,Basic Widget,582.59,422,481
JMETER000588,Composite Device,326.11,254,499
JMETER000589,Aluminum Set,197.13,908,626
JMETER000590,Modern Alloy Bundle,864.32,491,1757
JMETER000591,Advanced Bundle,439.53,784,1784
JMETER000592,Premium Titanium Component,202.36,383,1025
JMETER000593,Orange Tool,401.96,654,1898
JMETER000594,Basic Plastic Package,492.63,933,939
JMETER000595,Alloy Gadget,488.43,156,35
JMETER000596,Vintage Composite Device,837.21,237,5
JMETER000597,Modern Set,911.47,250,58
JMETER000598,Classic Module,571.12,399,1391
JMETER000599,Bronze Gadget,171.35,503,349
JMETER000600,Gold Tool,954.62,197,576
JMETER000601,Ceramic Widget,865.32,829,1921
JMETER000602,Gold Set,306.36,402,771
JMETER000603,Silver Package,298.21,689,1697
JMETER000604,Ceramic Widget,713.94,893,1269
JMETER000605,Premium Aluminum Component,572.6,323,785
JMETER000606,Alloy Component,194.16,160,121
JMETER000607,Vintage Ceramic Component,343.51,797,1722
JMETER000608,Deluxe Bundle,890.35,442,1451
JMETER000609,Professional Bundle,607.88,420,1768
JMETER000610,Standard Component,208.37,689,10
JMETER000611,Superior Carbon Unit,643.45,776,1038
JMETER000612,Green System,869.08,869,1997
JMETER000613,Classic Carbon Kit,973.03,513,548
JMETER000614,Gray Kit,115.05,452,1291
JMETER000615,Vintage Kit,535.27,769,583
JMETER000616,Composite Set,349.39,419,506
JMETER000617,Basic Unit,330.2,136,1444
JMETER000618,Modern Package,160.06,62,1692
JMETER000619,White Bundle,940.29,904,454
JMETER000620,Superior Package,888.77,686,1743
JMETER000621,Purple Component,513.47,368,1086
JMETER000622,Advanced System,776.66,367,668
JMETER000623,Classic Widget,485.62,460,621
JMETER000624,Classic Carbon Tool,378.06,817,1346
JMETER000625,Standard Copper Kit,499.24,220,716
JMETER000626,Black System,639.57,374,612
JMETER000627,Black Gadget,324.91,615,1330
JMETER000628,Superior Tool,809.57,326,1177
JMETER000629,Carbon System,347.62,6,89
JMETER000630,Advanced Carbon Kit,938.65,609,1083
JMETER000631,Standard Steel Bundle,941.11,232,716
JMETER000632,Compact Unit,934.6,214,814
JMETER000633,Copper Kit,775.2,397,1080
JMETER000634,White Device,199.93,21,1419
JMETER000635,Aluminum Set,188.3,117,1473
JMETER000636,Compact Plastic Gadget,777.45,896,1024
JMETER000637,Advanced Ceramic System,202.58,679,705
JMETER000638,Composite Component,223.52,415,471
JMETER000639,Superior Tool,313.1,455,1150
JMETER000640,Elite Gadget,283.48,609,1038
JMETER000641,Premium Carbon Component,688.35,804,2000
JMETER000642,Carbon Gadget,632.27,319,1437
JMETER000643,Orange Package,942.88,790,1669
JMETER000644,Advanced Composite Bundle,709.39,94,681
JMETER000645,Modern Kit,592.58,209,533
JMETER000646,Alloy Bundle,739.98,297,472
JMETER000647,Standard Ceramic Kit,35.5,782,828
JMETER000648,Composite Unit,490.68,68,17
JMETER000649,Modern Tool,114.65,569,1852
JMETER000650,Black Unit,782.32,430,779
JMETER000651,Composite Module,402.13,256,1679
JMETER000652,Steel Tool,175.15,45,1810
JMETER000653,Classic Tool,859.02,915,1503
JMETER000654,Plastic Set,103.19,397,560
JMETER000655,Modern Set,846.02,512,367
JMETER000656,Standard Titanium Unit,585.17,726,1006
JMETER000657,Gray System,386.58,191,794
JMETER000658,Advanced Device,772.82,133,1080
JMETER000659,Compact Steel Device,682.02,425,904
JMETER000660,Advanced System,471.93,620,1121
JMETER000661,Black Bundle,283.73,829,109
JMETER000662,Elite Gadget,919.13,733,171
JMETER000663,Bronze Unit,91.88,120,1950
JMETER000664,Basic Composite Kit,833.88,552,251
JMETER000665,Classic Alloy Kit,331.67,580,1697
JMETER000666,Plastic Set,454.76,416,1594
JMETER000667,Gray Kit,167.94,53,1630
JMETER000668,Vintage Kit,807.56,920,533
JMETER000669,Compact Titanium Unit,194.56,362,1479
JMETER000670,Aluminum Set,334.47,256,1976
JMETER000671,Compact Alloy Package,161.97,22,28
JMETER000672,Basic Bronze Set,503.06,507,711
JMETER000673,Alloy Device,378.67,279,1694
JMETER000674,Classic Ceramic Component,932.62,883,1132
JMETER000675,Steel Kit,152.64,229,1415
JMETER000676,Gray System,638.52,565,1661
JMETER000677,Superior Kit,826.8,874,1129
JMETER000678,Basic Kit,205.8,415,1117
JMETER000679,Composite Gadget,922.03,698,1500
JMETER000680,Alloy Set,799.85,556,1563
JMETER000681,Ceramic System,745.26,475,257
JMETER000682,Aluminum Widget,136.43,908,1368
JMETER000683,Vintage Alloy Package,432.05,171,529
JMETER000684,Basic Bundle,612.57,133,1565
JMETER000685,Vintage Bundle,128.79,695,2000
JMETER000686,Carbon Kit,328.24,680,854
JMETER000687,Titanium Gadget,179.04,458,43
JMETER000688,Gray Tool,612.99,341,608
JMETER000689,Deluxe Kit,124.38,895,1418
JMETER000690,Titanium Kit,704.14,865,376
JMETER000691,Composite Gadget,989.85,498,1468
JMETER000692,Standard Component,955.79,350,1735
JMETER000693,Elite Composite Device,462.63,720,900
JMETER000694,Plastic Bundle,457.33,99,186
JMETER000695,Deluxe Alloy Kit,505.57,552,261
JMETER000696,Compact Component,351.13,407,554
JMETER000697,Aluminum Package,889.27,411,352
JMETER000698,Modern Tool,991.58,347,183
JMETER000699,Deluxe Bronze Unit,703.09,734,1095
JMETER000700,Alloy Component,683.62,677,552
JMETER000701,Green Device,251.09,499,85
JMETER000702,Orange System,848.18,388,323
JMETER000703,Elite Plastic Component,16.71,143,981
JMETER000704,Blue Package,161.82,969,1538
JMETER000705,Basic Set,471.02,817,937
JMETER000706,Modern Copper Module,673.97,674,1672
JMETER000707,Bronze Kit,577.77,506,1484
JMETER000708,Silver Set,480.44,811,1680
JMETER000709,Compact Bronze System,436.72,810,882
JMETER000710,Gray Kit,16.57,967,1903
JMETER000711,Green Package,476.16,15,37
JMETER000712,Deluxe Kit,393.09,499,1438
JMETER000713,Black Unit,328.88,931,89
JMETER000714,Purple Module,207.44,835,1138
JMETER000715,Copper Package,100.77,480,494
JMETER000716,Green Widget,27.12,990,1150
JMETER000717,Bronze Gadget,484.68,728,1107
JMETER000718,Deluxe Package,949.27,410,1690
JMETER000719,Classic Bundle,862.49,406,492
JMETER000720,Compact Ceramic Set,870.33,370,295
JMETER000721,Ceramic Device,589.79,828,829
JMETER000722,Vintage Module,210.57,595,1144
JMETER000723,Vintage Device,316.27,16,1709
JMETER000724,Blue Widget,708.31,536,870
JMETER000725,Basic Widget,23.81,902,1810
JMETER000726,Elite Component,656.7,15,258
JMETER000727,Modern Bronze Gadget,30.35,573,1533
JMETER000728,Black Component,34.81,603,540
JMETER000729,Classic Bronze Widget,187.4,170,1384
JMETER000730,Purple Bundle,921.32,988,848
JMETER000731,Purple Device,141.18,989,76
JMETER000732,Purple Gadget,635.92,197,307
JMETER000733,Steel Kit,310.21,392,188
JMETER000734,Red Gadget,246.94,102,1577
JMETER000735,Premium System,344.89,216,1028
JMETER000736,Aluminum Bundle,473.38,796,1892
JMETER000737,Elite Unit,693.93,829,616
JMETER000738,Silver Gadget,424.79,791,1374
JMETER000739,Standard Titanium Module,481.79,588,1430
JMETER000740,Green Device,215.41,289,672
JMETER000741,Bronze Set,921.94,442,1171
JMETER000742,Standard Carbon Set,290.52,683,424
JMETER000743,Carbon Device,204.51,971,1069
JMETER000744,Classic Kit,981.73,575,1290
JMETER000745,Compact Copper System,293.89,482,672
JMETER000746,Copper Gadget,523.09,634,1839
JMETER000747,Advanced Module,271.93,607,37
JMETER000748,Basic Ceramic Bundle,401.36,630,1345
JMETER000749,Steel Kit,812.81,334,1354
JMETER000750,Vintage Package,491.47,345,1870
JMETER000751,Alloy Device,836.22,471,503
JMETER000752,Standard System,195.95,758,169
JMETER000753,Bronze Device,338.37,528,20
JMETER000754,White Module,192.13,462,567
JMETER000755,Standard Device,102.68,276,1324
JMETER000756,Vintage Bundle,404.67,337,297
JMETER000757,Vintage Gadget,27.5,749,1673
JMETER000758,Red Package,254.77,463,149
JMETER000759,Classic Set,554.48,266,1756
JMETER000760,Classic Ceramic Module,882.41,337,51
JMETER000761,Modern Device,867.33,809,105
JMETER000762,Advanced Component,732.92,136,1193
JMETER000763,Compact System,850.94,659,955
JMETER000764,Alloy Unit,731.51,900,867
JMETER000765,Compact Plastic Gadget,210.61,676,1035
JMETER000766,Vintage Package,34.96,809,978
JMETER000767,Classic Set,109.89,213,1565
JMETER000768,Superior Composite Package,745.41,254,801
JMETER000769,Red Module,968.23,973,1318
JMETER000770,Ceramic Component,519.44,134,1793
JMETER000771,Basic Set,426.64,785,1697
JMETER000772,Premium Package,818.24,442,407
JMETER000773,Titanium System,409.12,634,869
JMETER000774,Gray Tool,88.32,286,1426
JMETER000775,Advanced Alloy Device,954.1,444,706
JMETER000776,Bronze Set,434.67,713,760
JMETER000777,Copper Module,132.23,841,517
JMETER000778,Steel Gadget,876.41,788,122
JMETER000779,Carbon System,579.79,905,1533
JMETER000780,Gray Component,470.36,326,1790
JMETER000781,Classic Widget,698.87,387,405
JMETER000782,Carbon Set,965.84,621,1062
JMETER000783,Standard Device,310.74,211,38
JMETER000784,Gray Device,445.25,661,1198
JMETER000785,Basic Kit,112.24,499,460
JMETER000786,Red Bundle,49.35,849,853
JMETER000787,Professional Package,920.22,126,185
JMETER000788,Deluxe System,529.66,834,870
JMETER000789,Vintage Tool,695.98,968,1503
JMETER000790,Superior Bronze Set,535.15,172,478
JMETER000791,Silver Module,776.28,932,596
JMETER000792,Green System,743.62,911,1184
JMETER000793,Advanced Composite Tool,451.65,509,1647
JMETER000794,Copper Package,655.33,542,1031
JMETER000795,Blue Set,142.19,157,1270
JMETER000796,Professional Steel Package,965.4,711,1861
JMETER000797,Blue Widget,903.07,679,1839
JMETER000798,Carbon System,18.29,416,1103
JMETER000799,Aluminum System,618.68,363,462
JMETER000800,White Tool,207.81,476,599
JMETER000801,Aluminum Package,605.46,192,176
JMETER000802,Silver Bundle,176.37,651,705
JMETER000803,Deluxe Carbon Component,101.13,684,1551
JMETER000804,Green Bundle,326.52,36,919
JMETER000805,Ceramic Package,378.73,275,370
JMETER000806,Ceramic System,538.17,865,1086
JMETER000807,Gold Unit,470.72,792,1287
JMETER000808,Elite Set,447.73,269,1960
JMETER000809,Gold Device,543.11,237,1182
JMETER000810,Elite Alloy Component,294.02,531,1971
JMETER000811,Ceramic Gadget,693.68,653,772
JMETER000812,Blue Device,589.36,381,1299
JMETER000813,Silver Kit,74.7,627,1785
JMETER000814,Elite Composite Tool,179.8,221,687
JMETER000815,Elite Alloy Set,141.47,574,1098
JMETER000816,Premium System,476.18,694,935
JMETER000817,Green Module,208.23,159,325
JMETER000818,Compact Ceramic Component,318.08,290,332
JMETER000819,Blue Unit,61.16,488,1054
JMETER000820,Advanced Steel Gadget,708.68,215,236
JMETER000821,Aluminum Set,852.36,730,1929
JMETER000822,Copper Unit,550.37,643,1395
JMETER000823,Silver Module,120.98,452,1960
JMETER000824,Professional Carbon Module,322.66,963,587
JMETER000825,Copper Package,328.18,743,1465
JMETER000826,Premium Ceramic Gadget,700.89,943,527
JMETER000827,Professional Alloy Module,650.07,296,1664
JMETER000828,Advanced Set,211.08,696,331
JMETER000829,Classic Device,524.27,166,1374
JMETER000830,Elite Widget,872.76,512,1214
JMETER000831,Black Gadget,368.41,22,548
JMETER000832,Orange Gadget,654.22,786,1800
JMETER000833,Classic Bronze Component,222.32,583,753
JMETER000834,Compact Component,423.48,241,380
JMETER000835,Bronze Set,348.78,963,1696
JMETER000836,Advanced Widget,855.45,995,1012
JMETER000837,Elite Steel Tool,92.38,647,91
JMETER000838,Modern Copper Kit,411.01,346,1589
JMETER000839,Titanium Package,877.99,899,1215
JMETER000840,Advanced Alloy System,814.23,637,1872
JMETER000841,Premium Set,268.85,967,895
JMETER000842,Classic Aluminum Set,197.58,741,1900
JMETER000843,Black Package,74.25,907,405
JMETER000844,Gold Device,446.85,213,1298
JMETER000845,Standard Steel Component,545.97,191,1164
JMETER000846,Ceramic Module,196.17,987,601
JMETER000847,Superior Tool,636.98,855,1048
JMETER000848,Bronze Bundle,419.34,732,283
JMETER000849,Blue Set,929.07,166,215
JMETER000850,Blue Gadget,962.86,765,1303
JMETER000851,Advanced Titanium Package,19.2,868,750
JMETER000852,White Tool,518.98,450,1642
JMETER000853,Orange Widget,160.52,260,950
JMETER000854,Aluminum System,351.17,7,659
JMETER000855,Steel Set,994.93,313,8
JMETER000856,Purple Module,800.24,797,1323
JMETER000857,Composite Component,813.43,172,493
JMETER000858,Modern Aluminum Bundle,478.76,75,378
JMETER000859,Copper Component,289.32,922,462
JMETER000860,Ceramic Widget,929.63,164,1577
JMETER000861,Copper Gadget,557.26,549,1513
JMETER000862,Black Kit,264.72,998,1929
JMETER000863,Classic Bronze Kit,641.14,554,1482
JMETER000864,Deluxe Aluminum Kit,119.01,749,1385
JMETER000865,Blue System,330.17,383,222
JMETER000866,Vintage Plastic Unit,554.66,201,1016
JMETER000867,Elite Device,890.27,539,1423
JMETER000868,Titanium Set,761.68,902,1425
JMETER000869,Green Kit,459.5,657,356
JMETER000870,Aluminum Module,17.34,851,1995
JMETER000871,Green System,415.62,996,802
JMETER000872,Silver Widget,588.73,861,1616
JMETER000873,Modern Device,590.58,588,1925
JMETER000874,Titanium Package,423.97,923,1022
JMETER000875,Black Kit,462.92,955,1157
JMETER000876,Silver Package,673.51,367,905
JMETER000877,Premium Set,554.48,864,1952
JMETER000878,Elite Plastic Unit,590.85,925,736
JMETER000879,Premium Composite Component,635.99,770,79
JMETER000880,Carbon Widget,924.13,699,899
JMETER000881,Elite Unit,73.0,697,1607
JMETER000882,Carbon Package,620.45,185,1600
JMETER000883,Basic Copper Device,903.9,894,1927
JMETER000884,Vintage Titanium Tool,550.92,118,1279
JMETER000885,Alloy Set,642.73,796,1779
JMETER000886,Bronze System,772.5,246,1912
JMETER000887,Composite Component,193.61,773,1290
JMETER000888,Vintage Titanium Gadget,765.67,293,1299
JMETER000889,White Kit,851.85,71,489
JMETER000890,Advanced Composite Set,597.38,624,904
JMETER000891,Superior Gadget,85.06,277,788
JMETER000892,Professional Set,579.43,329,1960
JMETER000893,Premium Device,152.83,673,422
JMETER000894,Vintage Unit,496.5,418,1000
JMETER000895,Composite Component,612.42,978,1954
JMETER000896,Deluxe Steel Bundle,953.41,838,282
JMETER000897,Basic Module,552.81,374,1289
JMETER000898,White Tool,476.75,276,1151
JMETER000899,Advanced System,215.71,854,88
JMETER000900,Standard Ceramic Unit,471.04,983,181
JMETER000901,Steel Unit,40.52,88,1377
JMETER000902,Copper Unit,804.95,59,928
JMETER000903,Carbon Kit,170.33,351,637
JMETER000904,Basic Composite System,639.5,975,416
JMETER000905,Vintage Alloy Gadget,884.84,507,1584
JMETER000906,Black Kit,84.01,670,801
JMETER000907,Standard Set,827.24,426,1962
JMETER000908,Premium Copper Module,402.53,823,70
JMETER000909,Modern Module,70.26,784,1058
JMETER000910,Superior Ceramic Unit,907.51,546,247
JMETER000911,Vintage Widget,998.09,574,1797
JMETER000912,Classic Widget,474.74,947,1430
JMETER000913,Silver Module,115.69,277,690
JMETER000914,Premium Gadget,458.98,973,550
JMETER000915,Modern System,403.22,793,1601
JMETER000916,Red Set,423.13,65,790
JMETER000917,Purple Package,919.8,768,58
JMETER000918,Black Kit,723.43,779,1858
JMETER000919,Standard Plastic Module,666.52,151,680
JMETER000920,Superior Composite Gadget,211.28,857,308
JMETER000921,Classic Component,636.64,802,1628
JMETER000922,Standard Package,312.42,350,1608
JMETER000923,Silver Component,646.58,926,240
JMETER000924,Steel Device,456.68,44,530
JMETER000925,Basic Plastic Widget,680.48,65,1440
JMETER000926,Premium Gadget,95.12,222,207
JMETER000927,Classic Widget,629.71,780,1327
JMETER000928,Red Set,99.23,366,1788
JMETER000929,Ceramic Unit,653.92,915,1116
JMETER000930,Classic System,192.43,151,1734
JMETER000931,Gold Unit,245.7,730,479
JMETER000932,Premium Widget,865.67,537,942
JMETER000933,Standard Ceramic Device,540.2,964,1496
JMETER000934,Advanced Composite Kit,569.42,412,1501
JMETER000935,Orange Unit,569.6,466,1664
JMETER000936,Titanium Device,851.57,388,1695
JMETER000937,Titanium Package,572.34,220,1663
JMETER000938,Green Component,579.65,325,438
JMETER000939,Basic Carbon Device,935.48,972,1420
JMETER000940,Gray Widget,139.34,665,700
JMETER000941,Gold Component,545.94,809,995
JMETER000942,Classic Widget,539.63,463,807
JMETER000943,Composite Set,812.59,194,1726
JMETER000944,Superior Carbon Module,765.2,127,931
JMETER000945,Gray Tool,649.03,521,1979
JMETER000946,Deluxe Kit,177.33,102,25
JMETER000947,Titanium Package,819.44,190,723
JMETER000948,Professional Bundle,153.61,37,267
JMETER000949,Modern Steel System,327.53,51,1547
JMETER000950,Alloy Widget,638.72,7,1531
JMETER000951,Compact Tool,792.02,221,825
JMETER000952,Copper Tool,974.62,486,1176
JMETER000953,Titanium Kit,15.21,168,127
JMETER000954,Steel Kit,765.95,271,47
JMETER000955,Superior Unit,685.88,571,1221
JMETER000956,Silver Gadget,46.3,787,861
JMETER000957,White System,324.82,8,1582
JMETER000958,Vintage Gadget,575.7,913,1324
JMETER000959,Vintage Titanium Bundle,214.12,185,1489
JMETER000960,Gold Kit,642.89,841,775
JMETER000961,Titanium Unit,98.47,376,1763
JMETER000962,Bronze Bundle,196.92,443,154
JMETER000963,Modern Unit,979.31,768,1155
JMETER000964,Gold Package,861.3,409,1018
JMETER000965,Silver System,370.95,577,157
JMETER000966,Professional Component,615.27,348,1442
JMETER000967,Standard Titanium Tool,844.69,794,1219
JMETER000968,Superior Steel Set,912.23,672,1023
JMETER000969,Superior Module,159.46,805,926
JMETER000970,Deluxe Aluminum Package,614.91,922,203
JMETER000971,Standard Device,449.64,798,1376
JMETER000972,Aluminum Set,340.14,652,968
JMETER000973,Orange Kit,462.39,320,1688
JMETER000974,Orange Widget,374.29,545,888
JMETER000975,Professional Package,549.73,609,1163
JMETER000976,Alloy Gadget,909.06,210,1038
JMETER000977,Steel Module,44.5,117,1057
JMETER000978,Gold Bundle,804.38,129,1479
JMETER000979,Classic Gadget,612.51,908,826
JMETER000980,Silver Set,130.78,401,682
JMETER000981,Advanced Device,324.17,23,103
JMETER000982,Classic Tool,461.52,658,1044
JMETER000983,Ceramic Tool,225.6,969,559
JMETER000984,Gold Set,22.02,748,585
JMETER000985,Classic Device,348.12,82,666
JMETER000986,Copper Tool,370.89,910,1493
JMETER000987,Professional Composite Kit,498.57,18,1748
JMETER000988,Bronze Component,244.15,951,1271
JMETER000989,Red Package,987.18,771,265
JMETER000990,Bronze Unit,86.93,6,1057
JMETER000991,Gold System,88.95,986,1612
JMETER000992,White Gadget,110.54,235,1946
JMETER000993,Elite Bundle,949.71,840,220
JMETER000994,Compact Composite Set,380.78,589,1430
JMETER000995,Elite Bronze Unit,917.79,12,758
JMETER000996,Carbon Module,471.67,545,723
JMETER000997,Advanced Bundle,932.25,80,129
JMETER000998,Compact Composite Bundle,955.06,384,1273
JMETER000999,Modern Widget,123.02,216,681
